docId,docTitle,publicationDate,bucket,registered_doi_current,should_be_canonical_doi,href_current,should_be_href,note
SMPTE.RDD48.2018Am1.2022,MXF Archive and Preservation Format Registered Disclosure Document,2022-05-24,amendment-drift,10.5594/SMPTE.RDD48.2018Amd1.2022,10.5594/SMPTE.RDD48.2018Am1.2022,https://doi.org/10.5594/SMPTE.RDD48.2018Amd1.2022,https://doi.org/10.5594/SMPTE.RDD48.2018Am1.2022,"Amendment notation drift: registry uses ""Am1"" in the docId while the actually-registered DOI per Zoho uses ""Amd1"" (10.5594/SMPTE.RDD48.2018Amd1.2022). Both notations are valid for ""Amendment 1"" — UPSTREAM ACTION NEEDED: SMPTE should register both DOI forms so they're interchangeable. Field locked via excludeChanges so future cross-fills can't toggle this back."
SMPTE.ST2019-4.2016Am1.2024,Mapping VC-3 Coding Units into the MXF Generic Container,2024-05-02,amendment-drift,10.5594/SMPTE.ST2019-4.2016Amd1.2024,10.5594/SMPTE.ST2019-4.2016Am1.2024,https://doi.org/10.5594/SMPTE.ST2019-4.2016Amd1.2024,https://doi.org/10.5594/SMPTE.ST2019-4.2016Am1.2024,"Amendment notation drift: registry uses ""Am1"" in the docId while the actually-registered DOI per Zoho uses ""Amd1"" (10.5594/SMPTE.ST2019-4.2016Amd1.2024). Both notations are valid for ""Amendment 1"" — UPSTREAM ACTION NEEDED: SMPTE should register both DOI forms so they're interchangeable. Field locked via excludeChanges so future cross-fills can't toggle this back."
SMPTE.ST268-2.2018Am1.2022,Format Extensions for High Dynamic Range and Wide Color Gamut,2022-05-04,amendment-drift,10.5594/SMPTE.ST268-2.2018Amd1.2022,10.5594/SMPTE.ST268-2.2018Am1.2022,https://doi.org/10.5594/SMPTE.ST268-2.2018Amd1.2022,https://doi.org/10.5594/SMPTE.ST268-2.2018Am1.2022,"Amendment notation drift: registry uses ""Am1"" in the docId while the actually-registered DOI per Zoho uses ""Amd1"" (10.5594/SMPTE.ST268-2.2018Amd1.2022). Both notations are valid for ""Amendment 1"" — UPSTREAM ACTION NEEDED: SMPTE should register both DOI forms so they're interchangeable. Field locked via excludeChanges so future cross-fills can't toggle this back."
SMPTE.ST331.2011Am1.2023,Element and Metadata Definitions for the SDTI-CP,2024-02-06,amendment-drift,10.5594/SMPTE.ST331.2011Amd1.2023,10.5594/SMPTE.ST331.2011Am1.2023,https://doi.org/10.5594/SMPTE.ST331.2011Amd1.2023,https://doi.org/10.5594/SMPTE.ST331.2011Am1.2023,"Amendment notation drift: registry uses ""Am1"" in the docId while the actually-registered DOI per Zoho uses ""Amd1"" (10.5594/SMPTE.ST331.2011Amd1.2023). Both notations are valid for ""Amendment 1"" — UPSTREAM ACTION NEEDED: SMPTE should register both DOI forms so they're interchangeable. Field locked via excludeChanges so future cross-fills can't toggle this back."
SMPTE.OV2067-0.2021,Interoperable Master Format,2021-05-25,malformed,10.5594/SMPTE.OV2067-0-2021,10.5594/SMPTE.OV2067-0.2021,https://doi.org/10.5594/SMPTE.OV2067-0-2021,https://doi.org/10.5594/SMPTE.OV2067-0.2021,"Corrected to the actually-registered (malformed) DOI form from Zoho standards export (_source/SMPTE/Zoho/SMPTE Standards Document Zoho Export 2026-05-21.json). The DOI registrar received this DOI with a duplicated SMPTE. prefix and that's the only form that resolves at doi.org — the SMPTE-canonical form (matching this doc's docId) does NOT resolve. UPSTREAM ACTION NEEDED: SMPTE should re-register this DOI in the canonical form to match the docId; once that lands, this field can be flipped back and the excludeChanges lock removed. Field locked via excludeChanges so future cross-fills can't ""fix"" it back to the unresolvable canonical form before the upstream re-registration happens."
SMPTE.OV2073-0.2023-02,Document Suite Overview,2023-02-23,malformed,10.5594/SMPTE.OV2073-0.2023,10.5594/SMPTE.OV2073-0.2023-02,https://doi.org/10.5594/SMPTE.OV2073-0.2023,https://doi.org/10.5594/SMPTE.OV2073-0.2023-02,"Corrected to the actually-registered (malformed) DOI form from Zoho standards export (_source/SMPTE/Zoho/SMPTE Standards Document Zoho Export 2026-05-21.json). The DOI registrar received this DOI with a duplicated SMPTE. prefix and that's the only form that resolves at doi.org — the SMPTE-canonical form (matching this doc's docId) does NOT resolve. UPSTREAM ACTION NEEDED: SMPTE should re-register this DOI in the canonical form to match the docId; once that lands, this field can be flipped back and the excludeChanges lock removed. Field locked via excludeChanges so future cross-fills can't ""fix"" it back to the unresolvable canonical form before the upstream re-registration happens."
SMPTE.RDD56.2021,Track File for JPEG 2000 Codestreams with Time-Synchronous Metadata,2021-02-25,malformed,10.5594/SMPTE.SMPTERDD56.2021,10.5594/SMPTE.RDD56.2021,https://doi.org/10.5594/SMPTE.SMPTERDD56.2021,https://doi.org/10.5594/SMPTE.RDD56.2021,"Corrected to the actually-registered (malformed) DOI form from Zoho standards export (_source/SMPTE/Zoho/SMPTE Standards Document Zoho Export 2026-05-21.json). The DOI registrar received this DOI with a duplicated SMPTE. prefix and that's the only form that resolves at doi.org — the SMPTE-canonical form (matching this doc's docId) does NOT resolve. UPSTREAM ACTION NEEDED: SMPTE should re-register this DOI in the canonical form to match the docId; once that lands, this field can be flipped back and the excludeChanges lock removed. Field locked via excludeChanges so future cross-fills can't ""fix"" it back to the unresolvable canonical form before the upstream re-registration happens."
SMPTE.RDD58.2021,Carriage of Live Production Metadata,2021-05-10,malformed,10.5594/SMPTE.SMPTERDD58.2021,10.5594/SMPTE.RDD58.2021,https://doi.org/10.5594/SMPTE.SMPTERDD58.2021,https://doi.org/10.5594/SMPTE.RDD58.2021,"Corrected to the actually-registered (malformed) DOI form from Zoho standards export (_source/SMPTE/Zoho/SMPTE Standards Document Zoho Export 2026-05-21.json). The DOI registrar received this DOI with a duplicated SMPTE. prefix and that's the only form that resolves at doi.org — the SMPTE-canonical form (matching this doc's docId) does NOT resolve. UPSTREAM ACTION NEEDED: SMPTE should re-register this DOI in the canonical form to match the docId; once that lands, this field can be flipped back and the excludeChanges lock removed. Field locked via excludeChanges so future cross-fills can't ""fix"" it back to the unresolvable canonical form before the upstream re-registration happens."
SMPTE.RDD60.2025-05,Mapping Immersive Audio Bitstream into the MXF Generic Container for Repository File Formats,2025-05-12,malformed,10.5594/SMPTE.RDD60.2025,10.5594/SMPTE.RDD60.2025-05,https://doi.org/10.5594/SMPTE.RDD60.2025,https://doi.org/10.5594/SMPTE.RDD60.2025-05,"Corrected to the actually-registered (malformed) DOI form from Zoho standards export (_source/SMPTE/Zoho/SMPTE Standards Document Zoho Export 2026-05-21.json). The DOI registrar received this DOI with a duplicated SMPTE. prefix and that's the only form that resolves at doi.org — the SMPTE-canonical form (matching this doc's docId) does NOT resolve. UPSTREAM ACTION NEEDED: SMPTE should re-register this DOI in the canonical form to match the docId; once that lands, this field can be flipped back and the excludeChanges lock removed. Field locked via excludeChanges so future cross-fills can't ""fix"" it back to the unresolvable canonical form before the upstream re-registration happens."
SMPTE.RDD61.2025-05,Mapping ARRICORE Bitstreams into the MXF Generic Container,2025-05-12,malformed,10.5594/SMPTE.RDD61.2025,10.5594/SMPTE.RDD61.2025-05,https://doi.org/10.5594/SMPTE.RDD61.2025,https://doi.org/10.5594/SMPTE.RDD61.2025-05,"Corrected to the actually-registered (malformed) DOI form from Zoho standards export (_source/SMPTE/Zoho/SMPTE Standards Document Zoho Export 2026-05-21.json). The DOI registrar received this DOI with a duplicated SMPTE. prefix and that's the only form that resolves at doi.org — the SMPTE-canonical form (matching this doc's docId) does NOT resolve. UPSTREAM ACTION NEEDED: SMPTE should re-register this DOI in the canonical form to match the docId; once that lands, this field can be flipped back and the excludeChanges lock removed. Field locked via excludeChanges so future cross-fills can't ""fix"" it back to the unresolvable canonical form before the upstream re-registration happens."
SMPTE.RP163.1992,System Service Messages,1992-09-01,malformed,10.5594/SMPTE.RP163-1992,10.5594/SMPTE.RP163.1992,https://doi.org/10.5594/SMPTE.RP163-1992,https://doi.org/10.5594/SMPTE.RP163.1992,"Corrected to the actually-registered (malformed) DOI form from Zoho standards export (_source/SMPTE/Zoho/SMPTE Standards Document Zoho Export 2026-05-21.json). The DOI registrar received this DOI with a duplicated SMPTE. prefix and that's the only form that resolves at doi.org — the SMPTE-canonical form (matching this doc's docId) does NOT resolve. UPSTREAM ACTION NEEDED: SMPTE should re-register this DOI in the canonical form to match the docId; once that lands, this field can be flipped back and the excludeChanges lock removed. Field locked via excludeChanges so future cross-fills can't ""fix"" it back to the unresolvable canonical form before the upstream re-registration happens."
SMPTE.RP170.1993,Video Tape Recorder Type-Specific Messages for Digital Control Interface Annex A,1993-07-01,malformed,10.5594/SMPTE.RP170-1993,10.5594/SMPTE.RP170.1993,https://doi.org/10.5594/SMPTE.RP170-1993,https://doi.org/10.5594/SMPTE.RP170.1993,"Corrected to the actually-registered (malformed) DOI form from Zoho standards export (_source/SMPTE/Zoho/SMPTE Standards Document Zoho Export 2026-05-21.json). The DOI registrar received this DOI with a duplicated SMPTE. prefix and that's the only form that resolves at doi.org — the SMPTE-canonical form (matching this doc's docId) does NOT resolve. UPSTREAM ACTION NEEDED: SMPTE should re-register this DOI in the canonical form to match the docId; once that lands, this field can be flipped back and the excludeChanges lock removed. Field locked via excludeChanges so future cross-fills can't ""fix"" it back to the unresolvable canonical form before the upstream re-registration happens."
SMPTE.RP171.1993,Type-Specific Messages for Digital Control Interface of Analog Audio Tape Recorders,1993-07-01,malformed,10.5594/SMPTE.RP171-1993,10.5594/SMPTE.RP171.1993,https://doi.org/10.5594/SMPTE.RP171-1993,https://doi.org/10.5594/SMPTE.RP171.1993,"Corrected to the actually-registered (malformed) DOI form from Zoho standards export (_source/SMPTE/Zoho/SMPTE Standards Document Zoho Export 2026-05-21.json). The DOI registrar received this DOI with a duplicated SMPTE. prefix and that's the only form that resolves at doi.org — the SMPTE-canonical form (matching this doc's docId) does NOT resolve. UPSTREAM ACTION NEEDED: SMPTE should re-register this DOI in the canonical form to match the docId; once that lands, this field can be flipped back and the excludeChanges lock removed. Field locked via excludeChanges so future cross-fills can't ""fix"" it back to the unresolvable canonical form before the upstream re-registration happens."
SMPTE.RP172.1993,Common Messages for Digital Control Interface,1993-07-01,malformed,10.5594/SMPTE.RP172-1993,10.5594/SMPTE.RP172.1993,https://doi.org/10.5594/SMPTE.RP172-1993,https://doi.org/10.5594/SMPTE.RP172.1993,"Corrected to the actually-registered (malformed) DOI form from Zoho standards export (_source/SMPTE/Zoho/SMPTE Standards Document Zoho Export 2026-05-21.json). The DOI registrar received this DOI with a duplicated SMPTE. prefix and that's the only form that resolves at doi.org — the SMPTE-canonical form (matching this doc's docId) does NOT resolve. UPSTREAM ACTION NEEDED: SMPTE should re-register this DOI in the canonical form to match the docId; once that lands, this field can be flipped back and the excludeChanges lock removed. Field locked via excludeChanges so future cross-fills can't ""fix"" it back to the unresolvable canonical form before the upstream re-registration happens."
SMPTE.RP191.1996,Routing Switcher Type-Specific Messages for Remote Control of Broadcast Equipment,1996-09-01,malformed,10.5594/SMPTE.RP191-1996,10.5594/SMPTE.RP191.1996,https://doi.org/10.5594/SMPTE.RP191-1996,https://doi.org/10.5594/SMPTE.RP191.1996,"Corrected to the actually-registered (malformed) DOI form from Zoho standards export (_source/SMPTE/Zoho/SMPTE Standards Document Zoho Export 2026-05-21.json). The DOI registrar received this DOI with a duplicated SMPTE. prefix and that's the only form that resolves at doi.org — the SMPTE-canonical form (matching this doc's docId) does NOT resolve. UPSTREAM ACTION NEEDED: SMPTE should re-register this DOI in the canonical form to match the docId; once that lands, this field can be flipped back and the excludeChanges lock removed. Field locked via excludeChanges so future cross-fills can't ""fix"" it back to the unresolvable canonical form before the upstream re-registration happens."
SMPTE.RP2047-5.2017Am1.2018,VC-2 Level 66 Compression of Ultra-High Definition Video Sources for Use with a High Definition Infrastructure,2018-04-09,malformed,10.5594/SMPTE.RP2047-5Am1.2018,10.5594/SMPTE.RP2047-5.2017Am1.2018,https://doi.org/10.5594/SMPTE.RP2047-5Am1.2018,https://doi.org/10.5594/SMPTE.RP2047-5.2017Am1.2018,"Corrected to the actually-registered (malformed) DOI form from Zoho standards export (_source/SMPTE/Zoho/SMPTE Standards Document Zoho Export 2026-05-21.json). The DOI registrar received this DOI with a duplicated SMPTE. prefix and that's the only form that resolves at doi.org — the SMPTE-canonical form (matching this doc's docId) does NOT resolve. UPSTREAM ACTION NEEDED: SMPTE should re-register this DOI in the canonical form to match the docId; once that lands, this field can be flipped back and the excludeChanges lock removed. Field locked via excludeChanges so future cross-fills can't ""fix"" it back to the unresolvable canonical form before the upstream re-registration happens."
SMPTE.RP2052-10.2010Am1.2012,Conversion from CEA-608 Data to SMPTE-TT,2012-01-03,malformed,10.5594/SMPTE.RP2052-10.2010-A1,10.5594/SMPTE.RP2052-10.2010Am1.2012,https://doi.org/10.5594/SMPTE.RP2052-10.2010-A1,https://doi.org/10.5594/SMPTE.RP2052-10.2010Am1.2012,"Corrected to the actually-registered (malformed) DOI form from Zoho standards export (_source/SMPTE/Zoho/SMPTE Standards Document Zoho Export 2026-05-21.json). The DOI registrar received this DOI with a duplicated SMPTE. prefix and that's the only form that resolves at doi.org — the SMPTE-canonical form (matching this doc's docId) does NOT resolve. UPSTREAM ACTION NEEDED: SMPTE should re-register this DOI in the canonical form to match the docId; once that lands, this field can be flipped back and the excludeChanges lock removed. Field locked via excludeChanges so future cross-fills can't ""fix"" it back to the unresolvable canonical form before the upstream re-registration happens."
SMPTE.RP210.2007,Metadata Element Dictionary,2007-01-25,malformed,10.5594/SMPTE.RP210.10.2007,10.5594/SMPTE.RP210.2007,https://doi.org/10.5594/SMPTE.RP210.10.2007,https://doi.org/10.5594/SMPTE.RP210.2007,"Corrected to the actually-registered (malformed) DOI form from Zoho standards export (_source/SMPTE/Zoho/SMPTE Standards Document Zoho Export 2026-05-21.json). The DOI registrar received this DOI with a duplicated SMPTE. prefix and that's the only form that resolves at doi.org — the SMPTE-canonical form (matching this doc's docId) does NOT resolve. UPSTREAM ACTION NEEDED: SMPTE should re-register this DOI in the canonical form to match the docId; once that lands, this field can be flipped back and the excludeChanges lock removed. Field locked via excludeChanges so future cross-fills can't ""fix"" it back to the unresolvable canonical form before the upstream re-registration happens."
SMPTE.RP210.2012,Metadata Element Dictionary,2012-04-18,malformed,10.5594/SMPTE.RP210v13.2012,10.5594/SMPTE.RP210.2012,https://doi.org/10.5594/SMPTE.RP210v13.2012,https://doi.org/10.5594/SMPTE.RP210.2012,"Corrected to the actually-registered (malformed) DOI form from Zoho standards export (_source/SMPTE/Zoho/SMPTE Standards Document Zoho Export 2026-05-21.json). The DOI registrar received this DOI with a duplicated SMPTE. prefix and that's the only form that resolves at doi.org — the SMPTE-canonical form (matching this doc's docId) does NOT resolve. UPSTREAM ACTION NEEDED: SMPTE should re-register this DOI in the canonical form to match the docId; once that lands, this field can be flipped back and the excludeChanges lock removed. Field locked via excludeChanges so future cross-fills can't ""fix"" it back to the unresolvable canonical form before the upstream re-registration happens."
SMPTE.RP2110-25.2023-04,Measurement Practices,2023-04-13,malformed,10.5594/SMPTE.RP2110-25.2023,10.5594/SMPTE.RP2110-25.2023-04,https://doi.org/10.5594/SMPTE.RP2110-25.2023,https://doi.org/10.5594/SMPTE.RP2110-25.2023-04,"Corrected to the actually-registered (malformed) DOI form from Zoho standards export (_source/SMPTE/Zoho/SMPTE Standards Document Zoho Export 2026-05-21.json). The DOI registrar received this DOI with a duplicated SMPTE. prefix and that's the only form that resolves at doi.org — the SMPTE-canonical form (matching this doc's docId) does NOT resolve. UPSTREAM ACTION NEEDED: SMPTE should re-register this DOI in the canonical form to match the docId; once that lands, this field can be flipped back and the excludeChanges lock removed. Field locked via excludeChanges so future cross-fills can't ""fix"" it back to the unresolvable canonical form before the upstream re-registration happens."
SMPTE.RP2129.2023-08,Inter-Entity Trust Boundary,2023-08-28,malformed,10.5594/SMPTE.RP2129.2023,10.5594/SMPTE.RP2129.2023-08,https://doi.org/10.5594/SMPTE.RP2129.2023,https://doi.org/10.5594/SMPTE.RP2129.2023-08,"Corrected to the actually-registered (malformed) DOI form from Zoho standards export (_source/SMPTE/Zoho/SMPTE Standards Document Zoho Export 2026-05-21.json). The DOI registrar received this DOI with a duplicated SMPTE. prefix and that's the only form that resolves at doi.org — the SMPTE-canonical form (matching this doc's docId) does NOT resolve. UPSTREAM ACTION NEEDED: SMPTE should re-register this DOI in the canonical form to match the docId; once that lands, this field can be flipped back and the excludeChanges lock removed. Field locked via excludeChanges so future cross-fills can't ""fix"" it back to the unresolvable canonical form before the upstream re-registration happens."
SMPTE.RP224.2011,SMPTE Labels Register,2011-02-16,malformed,10.5594/SMPTE.RP224v11.2011,10.5594/SMPTE.RP224.2011,https://doi.org/10.5594/SMPTE.RP224v11.2011,https://doi.org/10.5594/SMPTE.RP224.2011,"Corrected to the actually-registered (malformed) DOI form from Zoho standards export (_source/SMPTE/Zoho/SMPTE Standards Document Zoho Export 2026-05-21.json). The DOI registrar received this DOI with a duplicated SMPTE. prefix and that's the only form that resolves at doi.org — the SMPTE-canonical form (matching this doc's docId) does NOT resolve. UPSTREAM ACTION NEEDED: SMPTE should re-register this DOI in the canonical form to match the docId; once that lands, this field can be flipped back and the excludeChanges lock removed. Field locked via excludeChanges so future cross-fills can't ""fix"" it back to the unresolvable canonical form before the upstream re-registration happens."
SMPTE.RP224.2012,SMPTE Labels Register,2012-04-18,malformed,10.5594/SMPTE.RP224v12.2012,10.5594/SMPTE.RP224.2012,https://doi.org/10.5594/SMPTE.RP224v12.2012,https://doi.org/10.5594/SMPTE.RP224.2012,"Corrected to the actually-registered (malformed) DOI form from Zoho standards export (_source/SMPTE/Zoho/SMPTE Standards Document Zoho Export 2026-05-21.json). The DOI registrar received this DOI with a duplicated SMPTE. prefix and that's the only form that resolves at doi.org — the SMPTE-canonical form (matching this doc's docId) does NOT resolve. UPSTREAM ACTION NEEDED: SMPTE should re-register this DOI in the canonical form to match the docId; once that lands, this field can be flipped back and the excludeChanges lock removed. Field locked via excludeChanges so future cross-fills can't ""fix"" it back to the unresolvable canonical form before the upstream re-registration happens."
SMPTE.RP268-3.2023-08,Reference Materials for DPX V2.0 HDR Implementations,2023-08-30,malformed,10.5594/SMPTE.RP268-3.2023,10.5594/SMPTE.RP268-3.2023-08,https://doi.org/10.5594/SMPTE.RP268-3.2023,https://doi.org/10.5594/SMPTE.RP268-3.2023-08,"Corrected to the actually-registered (malformed) DOI form from Zoho standards export (_source/SMPTE/Zoho/SMPTE Standards Document Zoho Export 2026-05-21.json). The DOI registrar received this DOI with a duplicated SMPTE. prefix and that's the only form that resolves at doi.org — the SMPTE-canonical form (matching this doc's docId) does NOT resolve. UPSTREAM ACTION NEEDED: SMPTE should re-register this DOI in the canonical form to match the docId; once that lands, this field can be flipped back and the excludeChanges lock removed. Field locked via excludeChanges so future cross-fills can't ""fix"" it back to the unresolvable canonical form before the upstream re-registration happens."
SMPTE.RP27-1.1989,Specifications for Operational Alignment Test Pattern for Television,1989-02-28,malformed,10.5594/SMPTE.RP27.1.1989,10.5594/SMPTE.RP27-1.1989,https://doi.org/10.5594/SMPTE.RP27.1.1989,https://doi.org/10.5594/SMPTE.RP27-1.1989,"Corrected to the actually-registered (malformed) DOI form from Zoho standards export (_source/SMPTE/Zoho/SMPTE Standards Document Zoho Export 2026-05-21.json). The DOI registrar received this DOI with a duplicated SMPTE. prefix and that's the only form that resolves at doi.org — the SMPTE-canonical form (matching this doc's docId) does NOT resolve. UPSTREAM ACTION NEEDED: SMPTE should re-register this DOI in the canonical form to match the docId; once that lands, this field can be flipped back and the excludeChanges lock removed. Field locked via excludeChanges so future cross-fills can't ""fix"" it back to the unresolvable canonical form before the upstream re-registration happens."
SMPTE.RP27-2.1989,Specifications for Operational Registration Test Pattern for Multiple-Channel Television Cameras,1989-02-28,malformed,10.5594/SMPTE.RP27.2.1989,10.5594/SMPTE.RP27-2.1989,https://doi.org/10.5594/SMPTE.RP27.2.1989,https://doi.org/10.5594/SMPTE.RP27-2.1989,"Corrected to the actually-registered (malformed) DOI form from Zoho standards export (_source/SMPTE/Zoho/SMPTE Standards Document Zoho Export 2026-05-21.json). The DOI registrar received this DOI with a duplicated SMPTE. prefix and that's the only form that resolves at doi.org — the SMPTE-canonical form (matching this doc's docId) does NOT resolve. UPSTREAM ACTION NEEDED: SMPTE should re-register this DOI in the canonical form to match the docId; once that lands, this field can be flipped back and the excludeChanges lock removed. Field locked via excludeChanges so future cross-fills can't ""fix"" it back to the unresolvable canonical form before the upstream re-registration happens."
SMPTE.RP27-5.1989,Specifications for Mid-Frequency Response Test Pattern for Television,1989-03-29,malformed,10.5594/SMPTE.RP27.5.1989,10.5594/SMPTE.RP27-5.1989,https://doi.org/10.5594/SMPTE.RP27.5.1989,https://doi.org/10.5594/SMPTE.RP27-5.1989,"Corrected to the actually-registered (malformed) DOI form from Zoho standards export (_source/SMPTE/Zoho/SMPTE Standards Document Zoho Export 2026-05-21.json). The DOI registrar received this DOI with a duplicated SMPTE. prefix and that's the only form that resolves at doi.org — the SMPTE-canonical form (matching this doc's docId) does NOT resolve. UPSTREAM ACTION NEEDED: SMPTE should re-register this DOI in the canonical form to match the docId; once that lands, this field can be flipped back and the excludeChanges lock removed. Field locked via excludeChanges so future cross-fills can't ""fix"" it back to the unresolvable canonical form before the upstream re-registration happens."
SMPTE.RP38.1989,Specifications for Deflection Linearity Test Pattern for Television,1989-02-27,malformed,10.5594/SMPTE.RP38.1.1989,10.5594/SMPTE.RP38.1989,https://doi.org/10.5594/SMPTE.RP38.1.1989,https://doi.org/10.5594/SMPTE.RP38.1989,"Corrected to the actually-registered (malformed) DOI form from Zoho standards export (_source/SMPTE/Zoho/SMPTE Standards Document Zoho Export 2026-05-21.json). The DOI registrar received this DOI with a duplicated SMPTE. prefix and that's the only form that resolves at doi.org — the SMPTE-canonical form (matching this doc's docId) does NOT resolve. UPSTREAM ACTION NEEDED: SMPTE should re-register this DOI in the canonical form to match the docId; once that lands, this field can be flipped back and the excludeChanges lock removed. Field locked via excludeChanges so future cross-fills can't ""fix"" it back to the unresolvable canonical form before the upstream re-registration happens."
SMPTE.ST11.1995,Quadruplex Recorders Operating at 7.5 in/s - Audio Level and Multifrequency Test Tape,1995-02-13,malformed,10.5594/SMPTE.ST11-1995,10.5594/SMPTE.ST11.1995,https://doi.org/10.5594/SMPTE.ST11-1995,https://doi.org/10.5594/SMPTE.ST11.1995,"Corrected to the actually-registered (malformed) DOI form from Zoho standards export (_source/SMPTE/Zoho/SMPTE Standards Document Zoho Export 2026-05-21.json). The DOI registrar received this DOI with a duplicated SMPTE. prefix and that's the only form that resolves at doi.org — the SMPTE-canonical form (matching this doc's docId) does NOT resolve. UPSTREAM ACTION NEEDED: SMPTE should re-register this DOI in the canonical form to match the docId; once that lands, this field can be flipped back and the excludeChanges lock removed. Field locked via excludeChanges so future cross-fills can't ""fix"" it back to the unresolvable canonical form before the upstream re-registration happens."
SMPTE.ST2021-4.2023-09,Schema Documentation,2023-09-15,malformed,10.5594/SMPTE.ST2021-4.2023,10.5594/SMPTE.ST2021-4.2023-09,https://doi.org/10.5594/SMPTE.ST2021-4.2023,https://doi.org/10.5594/SMPTE.ST2021-4.2023-09,"Corrected to the actually-registered (malformed) DOI form from Zoho standards export (_source/SMPTE/Zoho/SMPTE Standards Document Zoho Export 2026-05-21.json). The DOI registrar received this DOI with a duplicated SMPTE. prefix and that's the only form that resolves at doi.org — the SMPTE-canonical form (matching this doc's docId) does NOT resolve. UPSTREAM ACTION NEEDED: SMPTE should re-register this DOI in the canonical form to match the docId; once that lands, this field can be flipped back and the excludeChanges lock removed. Field locked via excludeChanges so future cross-fills can't ""fix"" it back to the unresolvable canonical form before the upstream re-registration happens."
SMPTE.ST2021.2008,Broadcast Exchange Format (BXF),2008-04-14,malformed,10.5594/SMPTE.ST2021M.2008,10.5594/SMPTE.ST2021.2008,https://doi.org/10.5594/SMPTE.ST2021M.2008,https://doi.org/10.5594/SMPTE.ST2021.2008,"Corrected to the actually-registered (malformed) DOI form from Zoho standards export (_source/SMPTE/Zoho/SMPTE Standards Document Zoho Export 2026-05-21.json). The DOI registrar received this DOI with a duplicated SMPTE. prefix and that's the only form that resolves at doi.org — the SMPTE-canonical form (matching this doc's docId) does NOT resolve. UPSTREAM ACTION NEEDED: SMPTE should re-register this DOI in the canonical form to match the docId; once that lands, this field can be flipped back and the excludeChanges lock removed. Field locked via excludeChanges so future cross-fills can't ""fix"" it back to the unresolvable canonical form before the upstream re-registration happens."
SMPTE.ST2048-1.2024-08,2048 × 1080 and 4096 × 2160 Digital Cinematography Production Image Formats FS/709,2024-08-28,malformed,10.5594/SMPTE.ST2048-1.2024,10.5594/SMPTE.ST2048-1.2024-08,https://doi.org/10.5594/SMPTE.ST2048-1.2024,https://doi.org/10.5594/SMPTE.ST2048-1.2024-08,"Corrected to the actually-registered (malformed) DOI form from Zoho standards export (_source/SMPTE/Zoho/SMPTE Standards Document Zoho Export 2026-05-21.json). The DOI registrar received this DOI with a duplicated SMPTE. prefix and that's the only form that resolves at doi.org — the SMPTE-canonical form (matching this doc's docId) does NOT resolve. UPSTREAM ACTION NEEDED: SMPTE should re-register this DOI in the canonical form to match the docId; once that lands, this field can be flipped back and the excludeChanges lock removed. Field locked via excludeChanges so future cross-fills can't ""fix"" it back to the unresolvable canonical form before the upstream re-registration happens."
SMPTE.ST2048-2.2024-08,2048 × 1080 Digital Cinematography Production Image FS/709 Formatting for Serial Digital Interface,2024-08-28,malformed,10.5594/SMPTE.ST2048-2.2024,10.5594/SMPTE.ST2048-2.2024-08,https://doi.org/10.5594/SMPTE.ST2048-2.2024,https://doi.org/10.5594/SMPTE.ST2048-2.2024-08,"Corrected to the actually-registered (malformed) DOI form from Zoho standards export (_source/SMPTE/Zoho/SMPTE Standards Document Zoho Export 2026-05-21.json). The DOI registrar received this DOI with a duplicated SMPTE. prefix and that's the only form that resolves at doi.org — the SMPTE-canonical form (matching this doc's docId) does NOT resolve. UPSTREAM ACTION NEEDED: SMPTE should re-register this DOI in the canonical form to match the docId; once that lands, this field can be flipped back and the excludeChanges lock removed. Field locked via excludeChanges so future cross-fills can't ""fix"" it back to the unresolvable canonical form before the upstream re-registration happens."
SMPTE.ST2048-3.2024-08,Mapping into Multi-link 10 Gb/s Serial Signal/Data Interface,2024-08-28,malformed,10.5594/SMPTE.ST2048-3.2024,10.5594/SMPTE.ST2048-3.2024-08,https://doi.org/10.5594/SMPTE.ST2048-3.2024,https://doi.org/10.5594/SMPTE.ST2048-3.2024-08,"Corrected to the actually-registered (malformed) DOI form from Zoho standards export (_source/SMPTE/Zoho/SMPTE Standards Document Zoho Export 2026-05-21.json). The DOI registrar received this DOI with a duplicated SMPTE. prefix and that's the only form that resolves at doi.org — the SMPTE-canonical form (matching this doc's docId) does NOT resolve. UPSTREAM ACTION NEEDED: SMPTE should re-register this DOI in the canonical form to match the docId; once that lands, this field can be flipped back and the excludeChanges lock removed. Field locked via excludeChanges so future cross-fills can't ""fix"" it back to the unresolvable canonical form before the upstream re-registration happens."
SMPTE.ST2065-5.2023-02,Mapping ACES Image Sequences into the MXF Generic Container,2023-02-28,malformed,10.5594/SMPTE.ST2065-5.2023,10.5594/SMPTE.ST2065-5.2023-02,https://doi.org/10.5594/SMPTE.ST2065-5.2023,https://doi.org/10.5594/SMPTE.ST2065-5.2023-02,"Corrected to the actually-registered (malformed) DOI form from Zoho standards export (_source/SMPTE/Zoho/SMPTE Standards Document Zoho Export 2026-05-21.json). The DOI registrar received this DOI with a duplicated SMPTE. prefix and that's the only form that resolves at doi.org — the SMPTE-canonical form (matching this doc's docId) does NOT resolve. UPSTREAM ACTION NEEDED: SMPTE should re-register this DOI in the canonical form to match the docId; once that lands, this field can be flipped back and the excludeChanges lock removed. Field locked via excludeChanges so future cross-fills can't ""fix"" it back to the unresolvable canonical form before the upstream re-registration happens."
SMPTE.ST2067-203.2023-09,Audio with Frame-based S-ADM Metadata Plug-in,2023-09-27,malformed,10.5594/SMPTE.ST2067-203.2023,10.5594/SMPTE.ST2067-203.2023-09,https://doi.org/10.5594/SMPTE.ST2067-203.2023,https://doi.org/10.5594/SMPTE.ST2067-203.2023-09,"Corrected to the actually-registered (malformed) DOI form from Zoho standards export (_source/SMPTE/Zoho/SMPTE Standards Document Zoho Export 2026-05-21.json). The DOI registrar received this DOI with a duplicated SMPTE. prefix and that's the only form that resolves at doi.org — the SMPTE-canonical form (matching this doc's docId) does NOT resolve. UPSTREAM ACTION NEEDED: SMPTE should re-register this DOI in the canonical form to match the docId; once that lands, this field can be flipped back and the excludeChanges lock removed. Field locked via excludeChanges so future cross-fills can't ""fix"" it back to the unresolvable canonical form before the upstream re-registration happens."
SMPTE.ST2067-70.2024-08,Application SMPTE ST 2019-1 (VC-3),2024-08-21,malformed,10.5594/SMPTE.ST2067-70.2024,10.5594/SMPTE.ST2067-70.2024-08,https://doi.org/10.5594/SMPTE.ST2067-70.2024,https://doi.org/10.5594/SMPTE.ST2067-70.2024-08,"Corrected to the actually-registered (malformed) DOI form from Zoho standards export (_source/SMPTE/Zoho/SMPTE Standards Document Zoho Export 2026-05-21.json). The DOI registrar received this DOI with a duplicated SMPTE. prefix and that's the only form that resolves at doi.org — the SMPTE-canonical form (matching this doc's docId) does NOT resolve. UPSTREAM ACTION NEEDED: SMPTE should re-register this DOI in the canonical form to match the docId; once that lands, this field can be flipped back and the excludeChanges lock removed. Field locked via excludeChanges so future cross-fills can't ""fix"" it back to the unresolvable canonical form before the upstream re-registration happens."
SMPTE.ST2067-71.2024-07,Application SMPTE ST 2117-1 (VC-6),2024-07-01,malformed,10.5594/SMPTE.ST2067-71.2024,10.5594/SMPTE.ST2067-71.2024-07,https://doi.org/10.5594/SMPTE.ST2067-71.2024,https://doi.org/10.5594/SMPTE.ST2067-71.2024-07,"Corrected to the actually-registered (malformed) DOI form from Zoho standards export (_source/SMPTE/Zoho/SMPTE Standards Document Zoho Export 2026-05-21.json). The DOI registrar received this DOI with a duplicated SMPTE. prefix and that's the only form that resolves at doi.org — the SMPTE-canonical form (matching this doc's docId) does NOT resolve. UPSTREAM ACTION NEEDED: SMPTE should re-register this DOI in the canonical form to match the docId; once that lands, this field can be flipped back and the excludeChanges lock removed. Field locked via excludeChanges so future cross-fills can't ""fix"" it back to the unresolvable canonical form before the upstream re-registration happens."
SMPTE.ST2081-1.2023-10,Electrical,2023-10-20,malformed,10.5594/SMPTE.ST2081-1.2023,10.5594/SMPTE.ST2081-1.2023-10,https://doi.org/10.5594/SMPTE.ST2081-1.2023,https://doi.org/10.5594/SMPTE.ST2081-1.2023-10,"Corrected to the actually-registered (malformed) DOI form from Zoho standards export (_source/SMPTE/Zoho/SMPTE Standards Document Zoho Export 2026-05-21.json). The DOI registrar received this DOI with a duplicated SMPTE. prefix and that's the only form that resolves at doi.org — the SMPTE-canonical form (matching this doc's docId) does NOT resolve. UPSTREAM ACTION NEEDED: SMPTE should re-register this DOI in the canonical form to match the docId; once that lands, this field can be flipped back and the excludeChanges lock removed. Field locked via excludeChanges so future cross-fills can't ""fix"" it back to the unresolvable canonical form before the upstream re-registration happens."
SMPTE.ST2082-1.2023-11,Electrical,2023-11-15,malformed,10.5594/SMPTE.ST2082-1.2023,10.5594/SMPTE.ST2082-1.2023-11,https://doi.org/10.5594/SMPTE.ST2082-1.2023,https://doi.org/10.5594/SMPTE.ST2082-1.2023-11,"Corrected to the actually-registered (malformed) DOI form from Zoho standards export (_source/SMPTE/Zoho/SMPTE Standards Document Zoho Export 2026-05-21.json). The DOI registrar received this DOI with a duplicated SMPTE. prefix and that's the only form that resolves at doi.org — the SMPTE-canonical form (matching this doc's docId) does NOT resolve. UPSTREAM ACTION NEEDED: SMPTE should re-register this DOI in the canonical form to match the docId; once that lands, this field can be flipped back and the excludeChanges lock removed. Field locked via excludeChanges so future cross-fills can't ""fix"" it back to the unresolvable canonical form before the upstream re-registration happens."
SMPTE.ST2094-2.2023-04,KLV Encoding and MXF Mapping,2023-04-05,malformed,10.5594/SMPTE.ST2094-2.2023,10.5594/SMPTE.ST2094-2.2023-04,https://doi.org/10.5594/SMPTE.ST2094-2.2023,https://doi.org/10.5594/SMPTE.ST2094-2.2023-04,"Corrected to the actually-registered (malformed) DOI form from Zoho standards export (_source/SMPTE/Zoho/SMPTE Standards Document Zoho Export 2026-05-21.json). The DOI registrar received this DOI with a duplicated SMPTE. prefix and that's the only form that resolves at doi.org — the SMPTE-canonical form (matching this doc's docId) does NOT resolve. UPSTREAM ACTION NEEDED: SMPTE should re-register this DOI in the canonical form to match the docId; once that lands, this field can be flipped back and the excludeChanges lock removed. Field locked via excludeChanges so future cross-fills can't ""fix"" it back to the unresolvable canonical form before the upstream re-registration happens."
SMPTE.ST2094-60.2025-12,Application #6,2025-12-09,malformed,10.5594/SMPTE.ST2094-60.2025,10.5594/SMPTE.ST2094-60.2025-12,https://doi.org/10.5594/SMPTE.ST2094-60.2025,https://doi.org/10.5594/SMPTE.ST2094-60.2025-12,"Corrected to the actually-registered (malformed) DOI form from Zoho standards export (_source/SMPTE/Zoho/SMPTE Standards Document Zoho Export 2026-05-21.json). The DOI registrar received this DOI with a duplicated SMPTE. prefix and that's the only form that resolves at doi.org — the SMPTE-canonical form (matching this doc's docId) does NOT resolve. UPSTREAM ACTION NEEDED: SMPTE should re-register this DOI in the canonical form to match the docId; once that lands, this field can be flipped back and the excludeChanges lock removed. Field locked via excludeChanges so future cross-fills can't ""fix"" it back to the unresolvable canonical form before the upstream re-registration happens."
SMPTE.ST2095-1.2023-09,Calibration Reference Wideband Digital Pink Noise Signal,2023-09-27,malformed,10.5594/SMPTE.ST2095-1.2023,10.5594/SMPTE.ST2095-1.2023-09,https://doi.org/10.5594/SMPTE.ST2095-1.2023,https://doi.org/10.5594/SMPTE.ST2095-1.2023-09,"Corrected to the actually-registered (malformed) DOI form from Zoho standards export (_source/SMPTE/Zoho/SMPTE Standards Document Zoho Export 2026-05-21.json). The DOI registrar received this DOI with a duplicated SMPTE. prefix and that's the only form that resolves at doi.org — the SMPTE-canonical form (matching this doc's docId) does NOT resolve. UPSTREAM ACTION NEEDED: SMPTE should re-register this DOI in the canonical form to match the docId; once that lands, this field can be flipped back and the excludeChanges lock removed. Field locked via excludeChanges so future cross-fills can't ""fix"" it back to the unresolvable canonical form before the upstream re-registration happens."
SMPTE.ST2110-30.2025-10,PCM Digital Audio,2025-10-01,malformed,10.5594/SMPTE.ST2110-30.2025,10.5594/SMPTE.ST2110-30.2025-10,https://doi.org/10.5594/SMPTE.ST2110-30.2025,https://doi.org/10.5594/SMPTE.ST2110-30.2025-10,"Corrected to the actually-registered (malformed) DOI form from Zoho standards export (_source/SMPTE/Zoho/SMPTE Standards Document Zoho Export 2026-05-21.json). The DOI registrar received this DOI with a duplicated SMPTE. prefix and that's the only form that resolves at doi.org — the SMPTE-canonical form (matching this doc's docId) does NOT resolve. UPSTREAM ACTION NEEDED: SMPTE should re-register this DOI in the canonical form to match the docId; once that lands, this field can be flipped back and the excludeChanges lock removed. Field locked via excludeChanges so future cross-fills can't ""fix"" it back to the unresolvable canonical form before the upstream re-registration happens."
SMPTE.ST2110-40.2023-12,SMPTE ST 291-1 Ancillary Data,2023-12-31,malformed,10.5594/SMPTE.ST2110-40.2023,10.5594/SMPTE.ST2110-40.2023-12,https://doi.org/10.5594/SMPTE.ST2110-40.2023,https://doi.org/10.5594/SMPTE.ST2110-40.2023-12,"Corrected to the actually-registered (malformed) DOI form from Zoho standards export (_source/SMPTE/Zoho/SMPTE Standards Document Zoho Export 2026-05-21.json). The DOI registrar received this DOI with a duplicated SMPTE. prefix and that's the only form that resolves at doi.org — the SMPTE-canonical form (matching this doc's docId) does NOT resolve. UPSTREAM ACTION NEEDED: SMPTE should re-register this DOI in the canonical form to match the docId; once that lands, this field can be flipped back and the excludeChanges lock removed. Field locked via excludeChanges so future cross-fills can't ""fix"" it back to the unresolvable canonical form before the upstream re-registration happens."
SMPTE.ST2110-41.2024-03,Fast Metadata Framework,2024-03-08,malformed,10.5594/SMPTE.ST2110-41.2024,10.5594/SMPTE.ST2110-41.2024-03,https://doi.org/10.5594/SMPTE.ST2110-41.2024,https://doi.org/10.5594/SMPTE.ST2110-41.2024-03,"Corrected to the actually-registered (malformed) DOI form from Zoho standards export (_source/SMPTE/Zoho/SMPTE Standards Document Zoho Export 2026-05-21.json). The DOI registrar received this DOI with a duplicated SMPTE. prefix and that's the only form that resolves at doi.org — the SMPTE-canonical form (matching this doc's docId) does NOT resolve. UPSTREAM ACTION NEEDED: SMPTE should re-register this DOI in the canonical form to match the docId; once that lands, this field can be flipped back and the excludeChanges lock removed. Field locked via excludeChanges so future cross-fills can't ""fix"" it back to the unresolvable canonical form before the upstream re-registration happens."
SMPTE.ST2110-43.2021,Timed Text Markup Language for Captions and Subtitles,2021-05-14,malformed,10.5594/SMPTE.SMPTEST2110-43.2021,10.5594/SMPTE.ST2110-43.2021,https://doi.org/10.5594/SMPTE.SMPTEST2110-43.2021,https://doi.org/10.5594/SMPTE.ST2110-43.2021,"Corrected to the actually-registered (malformed) DOI form from Zoho standards export (_source/SMPTE/Zoho/SMPTE Standards Document Zoho Export 2026-05-21.json). The DOI registrar received this DOI with a duplicated SMPTE. prefix and that's the only form that resolves at doi.org — the SMPTE-canonical form (matching this doc's docId) does NOT resolve. UPSTREAM ACTION NEEDED: SMPTE should re-register this DOI in the canonical form to match the docId; once that lands, this field can be flipped back and the excludeChanges lock removed. Field locked via excludeChanges so future cross-fills can't ""fix"" it back to the unresolvable canonical form before the upstream re-registration happens."
SMPTE.ST2117-10.2024-07,Mapping VC-6 into the MXF Generic Container,2024-07-01,malformed,10.5594/SMPTE.ST2117-10.2024,10.5594/SMPTE.ST2117-10.2024-07,https://doi.org/10.5594/SMPTE.ST2117-10.2024,https://doi.org/10.5594/SMPTE.ST2117-10.2024-07,"Corrected to the actually-registered (malformed) DOI form from Zoho standards export (_source/SMPTE/Zoho/SMPTE Standards Document Zoho Export 2026-05-21.json). The DOI registrar received this DOI with a duplicated SMPTE. prefix and that's the only form that resolves at doi.org — the SMPTE-canonical form (matching this doc's docId) does NOT resolve. UPSTREAM ACTION NEEDED: SMPTE should re-register this DOI in the canonical form to match the docId; once that lands, this field can be flipped back and the excludeChanges lock removed. Field locked via excludeChanges so future cross-fills can't ""fix"" it back to the unresolvable canonical form before the upstream re-registration happens."
SMPTE.ST2126.2025-08,Microservice Status Reporting and Logging,2025-08-29,malformed,10.5594/SMPTE.ST2126.2025,10.5594/SMPTE.ST2126.2025-08,https://doi.org/10.5594/SMPTE.ST2126.2025,https://doi.org/10.5594/SMPTE.ST2126.2025-08,"Corrected to the actually-registered (malformed) DOI form from Zoho standards export (_source/SMPTE/Zoho/SMPTE Standards Document Zoho Export 2026-05-21.json). The DOI registrar received this DOI with a duplicated SMPTE. prefix and that's the only form that resolves at doi.org — the SMPTE-canonical form (matching this doc's docId) does NOT resolve. UPSTREAM ACTION NEEDED: SMPTE should re-register this DOI in the canonical form to match the docId; once that lands, this field can be flipped back and the excludeChanges lock removed. Field locked via excludeChanges so future cross-fills can't ""fix"" it back to the unresolvable canonical form before the upstream re-registration happens."
SMPTE.ST2127-2.2024-03,Mapping MGA Audio Metadata to ST 2110-41,2024-03-08,malformed,10.5594/SMPTE.ST2127-2-2024,10.5594/SMPTE.ST2127-2.2024-03,https://doi.org/10.5594/SMPTE.ST2127-2-2024,https://doi.org/10.5594/SMPTE.ST2127-2.2024-03,"Corrected to the actually-registered (malformed) DOI form from Zoho standards export (_source/SMPTE/Zoho/SMPTE Standards Document Zoho Export 2026-05-21.json). The DOI registrar received this DOI with a duplicated SMPTE. prefix and that's the only form that resolves at doi.org — the SMPTE-canonical form (matching this doc's docId) does NOT resolve. UPSTREAM ACTION NEEDED: SMPTE should re-register this DOI in the canonical form to match the docId; once that lands, this field can be flipped back and the excludeChanges lock removed. Field locked via excludeChanges so future cross-fills can't ""fix"" it back to the unresolvable canonical form before the upstream re-registration happens."
SMPTE.ST2134.2025-01,MXF Descriptive Metadata Scheme for Compatible Time Labels (DMS-TLC),2025-01-29,malformed,10.5594/SMPTE.ST2134.2025,10.5594/SMPTE.ST2134.2025-01,https://doi.org/10.5594/SMPTE.ST2134.2025,https://doi.org/10.5594/SMPTE.ST2134.2025-01,"Corrected to the actually-registered (malformed) DOI form from Zoho standards export (_source/SMPTE/Zoho/SMPTE Standards Document Zoho Export 2026-05-21.json). The DOI registrar received this DOI with a duplicated SMPTE. prefix and that's the only form that resolves at doi.org — the SMPTE-canonical form (matching this doc's docId) does NOT resolve. UPSTREAM ACTION NEEDED: SMPTE should re-register this DOI in the canonical form to match the docId; once that lands, this field can be flipped back and the excludeChanges lock removed. Field locked via excludeChanges so future cross-fills can't ""fix"" it back to the unresolvable canonical form before the upstream re-registration happens."
SMPTE.ST2136-1.2026-02,Core Specification,2026-02-26,malformed,10.5594/SMPTE.ST2136-1.2026,10.5594/SMPTE.ST2136-1.2026-02,https://doi.org/10.5594/SMPTE.ST2136-1.2026,https://doi.org/10.5594/SMPTE.ST2136-1.2026-02,"Corrected to the actually-registered (malformed) DOI form from Zoho standards export (_source/SMPTE/Zoho/SMPTE Standards Document Zoho Export 2026-05-21.json). The DOI registrar received this DOI with a duplicated SMPTE. prefix and that's the only form that resolves at doi.org — the SMPTE-canonical form (matching this doc's docId) does NOT resolve. UPSTREAM ACTION NEEDED: SMPTE should re-register this DOI in the canonical form to match the docId; once that lands, this field can be flipped back and the excludeChanges lock removed. Field locked via excludeChanges so future cross-fills can't ""fix"" it back to the unresolvable canonical form before the upstream re-registration happens."
SMPTE.ST2139.2025-12,Signal Sync Alternate Mode,2025-12-09,malformed,10.5594/SMPTE.ST2139.2025,10.5594/SMPTE.ST2139.2025-12,https://doi.org/10.5594/SMPTE.ST2139.2025,https://doi.org/10.5594/SMPTE.ST2139.2025-12,"Corrected to the actually-registered (malformed) DOI form from Zoho standards export (_source/SMPTE/Zoho/SMPTE Standards Document Zoho Export 2026-05-21.json). The DOI registrar received this DOI with a duplicated SMPTE. prefix and that's the only form that resolves at doi.org — the SMPTE-canonical form (matching this doc's docId) does NOT resolve. UPSTREAM ACTION NEEDED: SMPTE should re-register this DOI in the canonical form to match the docId; once that lands, this field can be flipped back and the excludeChanges lock removed. Field locked via excludeChanges so future cross-fills can't ""fix"" it back to the unresolvable canonical form before the upstream re-registration happens."
SMPTE.ST268-2.2023-06,Format Extensions for High Dynamic Range and Wide Color Gamut,2023-06-29,malformed,10.5594/SMPTE.ST268-2.2023,10.5594/SMPTE.ST268-2.2023-06,https://doi.org/10.5594/SMPTE.ST268-2.2023,https://doi.org/10.5594/SMPTE.ST268-2.2023-06,"Corrected to the actually-registered (malformed) DOI form from Zoho standards export (_source/SMPTE/Zoho/SMPTE Standards Document Zoho Export 2026-05-21.json). The DOI registrar received this DOI with a duplicated SMPTE. prefix and that's the only form that resolves at doi.org — the SMPTE-canonical form (matching this doc's docId) does NOT resolve. UPSTREAM ACTION NEEDED: SMPTE should re-register this DOI in the canonical form to match the docId; once that lands, this field can be flipped back and the excludeChanges lock removed. Field locked via excludeChanges so future cross-fills can't ""fix"" it back to the unresolvable canonical form before the upstream re-registration happens."
SMPTE.ST377-41.2023-04,MXF Multichannel Audio Controlled Vocabulary: Content Property Values,2023-04-13,malformed,10.5594/SMPTE.ST377-41.2023,10.5594/SMPTE.ST377-41.2023-04,https://doi.org/10.5594/SMPTE.ST377-41.2023,https://doi.org/10.5594/SMPTE.ST377-41.2023-04,"Corrected to the actually-registered (malformed) DOI form from Zoho standards export (_source/SMPTE/Zoho/SMPTE Standards Document Zoho Export 2026-05-21.json). The DOI registrar received this DOI with a duplicated SMPTE. prefix and that's the only form that resolves at doi.org — the SMPTE-canonical form (matching this doc's docId) does NOT resolve. UPSTREAM ACTION NEEDED: SMPTE should re-register this DOI in the canonical form to match the docId; once that lands, this field can be flipped back and the excludeChanges lock removed. Field locked via excludeChanges so future cross-fills can't ""fix"" it back to the unresolvable canonical form before the upstream re-registration happens."
SMPTE.ST377-42.2021,MCA Label Controlled Vocabulary,2021-07-13,malformed,10.5594/SMPTE.SMPTEST377-42.2021,10.5594/SMPTE.ST377-42.2021,https://doi.org/10.5594/SMPTE.SMPTEST377-42.2021,https://doi.org/10.5594/SMPTE.ST377-42.2021,"Corrected to the actually-registered (malformed) DOI form from Zoho standards export (_source/SMPTE/Zoho/SMPTE Standards Document Zoho Export 2026-05-21.json). The DOI registrar received this DOI with a duplicated SMPTE. prefix and that's the only form that resolves at doi.org — the SMPTE-canonical form (matching this doc's docId) does NOT resolve. UPSTREAM ACTION NEEDED: SMPTE should re-register this DOI in the canonical form to match the docId; once that lands, this field can be flipped back and the excludeChanges lock removed. Field locked via excludeChanges so future cross-fills can't ""fix"" it back to the unresolvable canonical form before the upstream re-registration happens."
SMPTE.ST379.2004,MXF Generic Container,2004-07-21,malformed,10.5594/SMPTE.ST379M.2004,10.5594/SMPTE.ST379.2004,https://doi.org/10.5594/SMPTE.ST379M.2004,https://doi.org/10.5594/SMPTE.ST379.2004,"Corrected to the actually-registered (malformed) DOI form from Zoho standards export (_source/SMPTE/Zoho/SMPTE Standards Document Zoho Export 2026-05-21.json). The DOI registrar received this DOI with a duplicated SMPTE. prefix and that's the only form that resolves at doi.org — the SMPTE-canonical form (matching this doc's docId) does NOT resolve. UPSTREAM ACTION NEEDED: SMPTE should re-register this DOI in the canonical form to match the docId; once that lands, this field can be flipped back and the excludeChanges lock removed. Field locked via excludeChanges so future cross-fills can't ""fix"" it back to the unresolvable canonical form before the upstream re-registration happens."
SMPTE.ST381-3.2025-01,Material Exchange Format— Mapping AVC Streams into the MXF Generic Container,2025-01-29,malformed,10.5594/SMPTE.ST381-3.2025,10.5594/SMPTE.ST381-3.2025-01,https://doi.org/10.5594/SMPTE.ST381-3.2025,https://doi.org/10.5594/SMPTE.ST381-3.2025-01,"Corrected to the actually-registered (malformed) DOI form from Zoho standards export (_source/SMPTE/Zoho/SMPTE Standards Document Zoho Export 2026-05-21.json). The DOI registrar received this DOI with a duplicated SMPTE. prefix and that's the only form that resolves at doi.org — the SMPTE-canonical form (matching this doc's docId) does NOT resolve. UPSTREAM ACTION NEEDED: SMPTE should re-register this DOI in the canonical form to match the docId; once that lands, this field can be flipped back and the excludeChanges lock removed. Field locked via excludeChanges so future cross-fills can't ""fix"" it back to the unresolvable canonical form before the upstream re-registration happens."
SMPTE.ST381-5.2023-02,Mapping HEVC Streams into the MXF Generic Container,2023-02-28,malformed,10.5594/SMPTE.ST381-5.2023,10.5594/SMPTE.ST381-5.2023-02,https://doi.org/10.5594/SMPTE.ST381-5.2023,https://doi.org/10.5594/SMPTE.ST381-5.2023-02,"Corrected to the actually-registered (malformed) DOI form from Zoho standards export (_source/SMPTE/Zoho/SMPTE Standards Document Zoho Export 2026-05-21.json). The DOI registrar received this DOI with a duplicated SMPTE. prefix and that's the only form that resolves at doi.org — the SMPTE-canonical form (matching this doc's docId) does NOT resolve. UPSTREAM ACTION NEEDED: SMPTE should re-register this DOI in the canonical form to match the docId; once that lands, this field can be flipped back and the excludeChanges lock removed. Field locked via excludeChanges so future cross-fills can't ""fix"" it back to the unresolvable canonical form before the upstream re-registration happens."
SMPTE.ST421.2006Am1.2007,VC-1 Compressed Video Bitstream Format and Decoding Process,2007-11-29,malformed,10.5594/SMPTE.ST421-A1.2006,10.5594/SMPTE.ST421.2006Am1.2007,https://doi.org/10.5594/SMPTE.ST421-A1.2006,https://doi.org/10.5594/SMPTE.ST421.2006Am1.2007,"Corrected to the actually-registered (malformed) DOI form from Zoho standards export (_source/SMPTE/Zoho/SMPTE Standards Document Zoho Export 2026-05-21.json). The DOI registrar received this DOI with a duplicated SMPTE. prefix and that's the only form that resolves at doi.org — the SMPTE-canonical form (matching this doc's docId) does NOT resolve. UPSTREAM ACTION NEEDED: SMPTE should re-register this DOI in the canonical form to match the docId; once that lands, this field can be flipped back and the excludeChanges lock removed. Field locked via excludeChanges so future cross-fills can't ""fix"" it back to the unresolvable canonical form before the upstream re-registration happens."
SMPTE.ST421.2006Am2.2011,VC-1 Compressed Video Bitstream Format and Decoding Process,2011-03-30,malformed,10.5594/SMPTE.ST421-A2.2011,10.5594/SMPTE.ST421.2006Am2.2011,https://doi.org/10.5594/SMPTE.ST421-A2.2011,https://doi.org/10.5594/SMPTE.ST421.2006Am2.2011,"Corrected to the actually-registered (malformed) DOI form from Zoho standards export (_source/SMPTE/Zoho/SMPTE Standards Document Zoho Export 2026-05-21.json). The DOI registrar received this DOI with a duplicated SMPTE. prefix and that's the only form that resolves at doi.org — the SMPTE-canonical form (matching this doc's docId) does NOT resolve. UPSTREAM ACTION NEEDED: SMPTE should re-register this DOI in the canonical form to match the docId; once that lands, this field can be flipped back and the excludeChanges lock removed. Field locked via excludeChanges so future cross-fills can't ""fix"" it back to the unresolvable canonical form before the upstream re-registration happens."
SMPTE.EG2032-4.2014,Engineering Guideline (Informative),2007-01-01,registrar-typo,10.5594/SMPTE.EG2032-4.2007,10.5594/SMPTE.EG2032-4.2014,https://doi.org/10.5594/SMPTE.EG2032-4.2007,https://doi.org/10.5594/SMPTE.EG2032-4.2014,"The actually-registered DOI 10.5594/SMPTE.EG2032-4.2007 resolves to the real 2007 publication of EG2032-4. The registry's docId carries a ""2014"" release tag — that's a SMPTE library mistake on the release-tag side, not a registrar issue. The DOI is correct; the docId/release-tag is wrong. UPSTREAM ACTION NEEDED: SMPTE library should correct the release tag from 2014 to 2007 so the docId matches the DOI. Field locked via excludeChanges so future cross-fills can't undo the alignment between the registry's stored DOI and what actually resolves."
SMPTE.OV2052-0.2014,Roadmap for the 2052 Document Suite,2014-08-14,registrar-typo,10.5594/SMPTE.OV2052-0.2013,10.5594/SMPTE.OV2052-0.2014,https://doi.org/10.5594/SMPTE.OV2052-0.2013,https://doi.org/10.5594/SMPTE.OV2052-0.2014,"The actually-registered DOI 10.5594/SMPTE.OV2052-0.2013 (per Zoho) is the correct one — it resolves to OV 2052-0:2013. The registry's docId carries a ""2014"" release tag, which is a SMPTE library mistake on the release-tag side, not a registrar issue. The DOI is correct; the docId/release-tag is wrong. UPSTREAM ACTION NEEDED: SMPTE library should correct the release tag from 2014 to 2013 so the docId matches the DOI. Field locked via excludeChanges so future cross-fills can't undo the alignment."
SMPTE.OV425-0.2012,Roadmap for the 425 Document Suite,2012-06-21,registrar-typo,10.5594/SMPTE.OV425-0.2012-06,10.5594/SMPTE.OV425-0.2012,https://doi.org/10.5594/SMPTE.OV425-0.2012-06,https://doi.org/10.5594/SMPTE.OV425-0.2012,"The actually-registered DOI 10.5594/SMPTE.OV425-0.2012-06 (per Zoho) is the correct one — it resolves to OV 425-0:2012-06. The registry's docId carries a ""2012"" release tag missing the ""-06"" month suffix; that's a SMPTE library mistake on the release-tag side, not a registrar issue. The DOI is correct; the docId/release-tag is wrong. UPSTREAM ACTION NEEDED: SMPTE library should correct the release tag from 2012 to 2012-06 so the docId matches the DOI. Field locked via excludeChanges so future cross-fills can't undo the alignment."
SMPTE.RP107.1993,Video and Audio Reference Tape for 1-in Type B Helical-Scan Format,1995-01-01,registrar-typo,10.5594/SMPTE.RP107.1995,10.5594/SMPTE.RP107.1993,https://doi.org/10.5594/SMPTE.RP107.1995,https://doi.org/10.5594/SMPTE.RP107.1993,"Published-label typo: the DOI 10.5594/SMPTE.RP107.1995 (per Zoho) is what Zoho carries, but the correct version is 1993 — the doc was approved 1993-03-05 and sat unpublished until 1995-01-01; the published label retroactively used 1995 as the version year, cascading into the DOI. The docId correctly reflects the 1993 version year. UPSTREAM ACTION NEEDED: SMPTE should correct the DOI registration from 1995 to 1993 to match the docId. Field locked via excludeChanges so future cross-fills can't undo the alignment between the registry's stored DOI and what Zoho currently has."
SMPTE.ST165.1994,"Perforated 8-mm Type S, 5R (1-3-5-7-0)",1994-01-31,registrar-typo,10.5594/SMPTE.ST165.1999,10.5594/SMPTE.ST165.1994,https://doi.org/10.5594/SMPTE.ST165.1999,https://doi.org/10.5594/SMPTE.ST165.1994,"Registrar typo: the DOI 10.5594/SMPTE.ST165.1999 (per Zoho) is what's actually registered and resolves at doi.org, but the correct version is 1994 — Zoho's Publication_Date and Copyright_Year on that record confirm 1994 is the real year. The 1999 in both the published label and DOI is a typo on SMPTE's side. UPSTREAM ACTION NEEDED: SMPTE should correct the DOI registration from 1999 to 1994 to match the docId. Field locked via excludeChanges so future cross-fills can't undo the alignment between the registry's stored DOI and what currently resolves."
SMPTE.ST2123.2021,SMPTE Metadata Registers,2021-10-18,registrar-typo,10.5594/SMPTE.ST2123.2021-08,10.5594/SMPTE.ST2123.2021,https://doi.org/10.5594/SMPTE.ST2123.2021-08,https://doi.org/10.5594/SMPTE.ST2123.2021,"The actually-registered DOI 10.5594/SMPTE.ST2123.2021-08 (per Zoho) is the correct one — it resolves to ST 2123:2021-08. The registry's docId carries a ""2021"" release tag missing the ""-08"" month suffix; that's a SMPTE library mistake on the release-tag side, not a registrar issue. The DOI is correct; the docId/release-tag is wrong. UPSTREAM ACTION NEEDED: SMPTE library should correct the release tag from 2021 to 2021-08 so the docId matches the DOI. Field locked via excludeChanges so future cross-fills can't undo the alignment."
SMPTE.ST2123.2024-03,SMPTE Metadata Registers,2024-05-09,registrar-typo,10.5594/SMPTE.ST2123.2024-05,10.5594/SMPTE.ST2123.2024-03,https://doi.org/10.5594/SMPTE.ST2123.2024-05,https://doi.org/10.5594/SMPTE.ST2123.2024-03,"Registrar mistake: the DOI 10.5594/SMPTE.ST2123.2024-05 was registered using the publication month (-05, May 2024) when it should have used the approval month (-03, March 2024) — the docId's ""-03"" is the correct convention. UPSTREAM ACTION NEEDED: SMPTE should re-register this DOI with the -03 suffix to match the docId, or register both forms so the canonical -03 also resolves. Field locked via excludeChanges so future cross-fills can't undo the alignment between the registry's stored DOI and what currently resolves."
SMPTE.ST434.2015,XML Encoding for Metadata and File Structure Information,2015-02-04,registrar-typo,10.5594/SMPTE.ST434.2014,10.5594/SMPTE.ST434.2015,https://doi.org/10.5594/SMPTE.ST434.2014,https://doi.org/10.5594/SMPTE.ST434.2015,"The actually-registered DOI 10.5594/SMPTE.ST434.2014 (per Zoho) is the correct one — it resolves to ST 434:2014. The registry's docId carries a ""2015"" release tag, which is a SMPTE library mistake on the release-tag side, not a registrar issue. The DOI is correct; the docId/release-tag is wrong. UPSTREAM ACTION NEEDED: SMPTE library should correct the release tag from 2015 to 2014 so the docId matches the DOI. Field locked via excludeChanges so future cross-fills can't undo the alignment."
SMPTE.EG2059-10.2022,Introduction to the New Synchronization System (SMPTE ST 2059),2022-11-11,year-mismatch,10.5594/SMPTE.EG2059-10.2023,10.5594/SMPTE.EG2059-10.2022,https://doi.org/10.5594/SMPTE.EG2059-10.2023,https://doi.org/10.5594/SMPTE.EG2059-10.2022,"Year-mismatch DOI registration: the DOI in this field is what's actually registered at doi.org and resolves, but the year in it doesn't match the doc's actual version — the registry's docId carries the canonical version year, and $meta.originalValue preserves the prior (matching) DOI form. UPSTREAM ACTION NEEDED: SMPTE should re-register the DOI with the correct year to match the docId, so the canonical form also resolves. Field locked via excludeChanges so future cross-fills can't undo the alignment between the registry's stored DOI and what currently resolves at doi.org."
SMPTE.EG2111-1.2020,SD-SDI and HD-SDI Standards Roadmap,2020-12-02,year-mismatch,10.5594/SMPTE.EG2111-1.2021,10.5594/SMPTE.EG2111-1.2020,https://doi.org/10.5594/SMPTE.EG2111-1.2021,https://doi.org/10.5594/SMPTE.EG2111-1.2020,"Year-mismatch DOI registration: the DOI in this field is what's actually registered at doi.org and resolves, but the year in it doesn't match the doc's actual version — the registry's docId carries the canonical version year, and $meta.originalValue preserves the prior (matching) DOI form. UPSTREAM ACTION NEEDED: SMPTE should re-register the DOI with the correct year to match the docId, so the canonical form also resolves. Field locked via excludeChanges so future cross-fills can't undo the alignment between the registry's stored DOI and what currently resolves at doi.org."
SMPTE.EG2111-2.2018,3/6/12 & 24 Gbit/s SDI Standards Roadmap,2018-12-03,year-mismatch,10.5594/SMPTE.EG2111-2.2019,10.5594/SMPTE.EG2111-2.2018,https://doi.org/10.5594/SMPTE.EG2111-2.2019,https://doi.org/10.5594/SMPTE.EG2111-2.2018,"Year-mismatch DOI registration: the DOI in this field is what's actually registered at doi.org and resolves, but the year in it doesn't match the doc's actual version — the registry's docId carries the canonical version year, and $meta.originalValue preserves the prior (matching) DOI form. UPSTREAM ACTION NEEDED: SMPTE should re-register the DOI with the correct year to match the docId, so the canonical form also resolves. Field locked via excludeChanges so future cross-fills can't undo the alignment between the registry's stored DOI and what currently resolves at doi.org."
SMPTE.EG2111-3.2020,10G-SDI Standards Roadmap,2020-12-02,year-mismatch,10.5594/SMPTE.EG2111-3.2021,10.5594/SMPTE.EG2111-3.2020,https://doi.org/10.5594/SMPTE.EG2111-3.2021,https://doi.org/10.5594/SMPTE.EG2111-3.2020,"Year-mismatch DOI registration: the DOI in this field is what's actually registered at doi.org and resolves, but the year in it doesn't match the doc's actual version — the registry's docId carries the canonical version year, and $meta.originalValue preserves the prior (matching) DOI form. UPSTREAM ACTION NEEDED: SMPTE should re-register the DOI with the correct year to match the docId, so the canonical form also resolves. Field locked via excludeChanges so future cross-fills can't undo the alignment between the registry's stored DOI and what currently resolves at doi.org."
SMPTE.RDD29.2018,Dolby Atmos® Bitstream Specification,2018-11-20,year-mismatch,10.5594/SMPTE.RDD29.2019,10.5594/SMPTE.RDD29.2018,https://doi.org/10.5594/SMPTE.RDD29.2019,https://doi.org/10.5594/SMPTE.RDD29.2018,"Year-mismatch DOI registration: the DOI in this field is what's actually registered at doi.org and resolves, but the year in it doesn't match the doc's actual version — the registry's docId carries the canonical version year, and $meta.originalValue preserves the prior (matching) DOI form. UPSTREAM ACTION NEEDED: SMPTE should re-register the DOI with the correct year to match the docId, so the canonical form also resolves. Field locked via excludeChanges so future cross-fills can't undo the alignment between the registry's stored DOI and what currently resolves at doi.org."
SMPTE.RP103.1994,"Care, Storage, Operation, Handling and Shipping of Magnetic Tape for Television",1994-12-07,year-mismatch,10.5594/SMPTE.RP103.1995,10.5594/SMPTE.RP103.1994,https://doi.org/10.5594/SMPTE.RP103.1995,https://doi.org/10.5594/SMPTE.RP103.1994,"Year-mismatch DOI registration: the DOI in this field is what's actually registered at doi.org and resolves, but the year in it doesn't match the doc's actual version — the registry's docId carries the canonical version year, and $meta.originalValue preserves the prior (matching) DOI form. UPSTREAM ACTION NEEDED: SMPTE should re-register the DOI with the correct year to match the docId, so the canonical form also resolves. Field locked via excludeChanges so future cross-fills can't undo the alignment between the registry's stored DOI and what currently resolves at doi.org."
SMPTE.RP2047-1.2022,VC-2 Mezzanine Level Compression of 1080P High Definition Video Sources,2022-11-29,year-mismatch,10.5594/SMPTE.RP2047-1.2023,10.5594/SMPTE.RP2047-1.2022,https://doi.org/10.5594/SMPTE.RP2047-1.2023,https://doi.org/10.5594/SMPTE.RP2047-1.2022,"Year-mismatch DOI registration: the DOI in this field is what's actually registered at doi.org and resolves, but the year in it doesn't match the doc's actual version — the registry's docId carries the canonical version year, and $meta.originalValue preserves the prior (matching) DOI form. UPSTREAM ACTION NEEDED: SMPTE should re-register the DOI with the correct year to match the docId, so the canonical form also resolves. Field locked via excludeChanges so future cross-fills can't undo the alignment between the registry's stored DOI and what currently resolves at doi.org."
SMPTE.RP2047-3.2022,VC-2 Level 65 Compression of High Definition Video Sources for Use with a Standard Definition Infrastructure,2022-11-29,year-mismatch,10.5594/SMPTE.RP2047-3.2023,10.5594/SMPTE.RP2047-3.2022,https://doi.org/10.5594/SMPTE.RP2047-3.2023,https://doi.org/10.5594/SMPTE.RP2047-3.2022,"Year-mismatch DOI registration: the DOI in this field is what's actually registered at doi.org and resolves, but the year in it doesn't match the doc's actual version — the registry's docId carries the canonical version year, and $meta.originalValue preserves the prior (matching) DOI form. UPSTREAM ACTION NEEDED: SMPTE should re-register the DOI with the correct year to match the docId, so the canonical form also resolves. Field locked via excludeChanges so future cross-fills can't undo the alignment between the registry's stored DOI and what currently resolves at doi.org."
SMPTE.RP2059-15.2022,YANG Data Model for ST 2059-2 PTP Device Monitoring in Professional Broadcast Applications,2022-11-10,year-mismatch,10.5594/SMPTE.RP2059-15.2023,10.5594/SMPTE.RP2059-15.2022,https://doi.org/10.5594/SMPTE.RP2059-15.2023,https://doi.org/10.5594/SMPTE.RP2059-15.2022,"Year-mismatch DOI registration: the DOI in this field is what's actually registered at doi.org and resolves, but the year in it doesn't match the doc's actual version — the registry's docId carries the canonical version year, and $meta.originalValue preserves the prior (matching) DOI form. UPSTREAM ACTION NEEDED: SMPTE should re-register the DOI with the correct year to match the docId, so the canonical form also resolves. Field locked via excludeChanges so future cross-fills can't undo the alignment between the registry's stored DOI and what currently resolves at doi.org."
SMPTE.RP2110-24.2022,Special Considerations for Standard Definition Video Using SMPTE ST 2110-20,2022-09-28,year-mismatch,10.5594/SMPTE.RP2110-24.2023,10.5594/SMPTE.RP2110-24.2022,https://doi.org/10.5594/SMPTE.RP2110-24.2023,https://doi.org/10.5594/SMPTE.RP2110-24.2022,"Year-mismatch DOI registration: the DOI in this field is what's actually registered at doi.org and resolves, but the year in it doesn't match the doc's actual version — the registry's docId carries the canonical version year, and $meta.originalValue preserves the prior (matching) DOI form. UPSTREAM ACTION NEEDED: SMPTE should re-register the DOI with the correct year to match the docId, so the canonical form also resolves. Field locked via excludeChanges so future cross-fills can't undo the alignment between the registry's stored DOI and what currently resolves at doi.org."
SMPTE.RP34.1997,Dimensions for 16-mm Motion-Picture Projector Reel Spindles,1997-09-18,year-mismatch,10.5594/SMPTE.RP34.1998,10.5594/SMPTE.RP34.1997,https://doi.org/10.5594/SMPTE.RP34.1998,https://doi.org/10.5594/SMPTE.RP34.1997,"Year-mismatch DOI registration: the DOI in this field is what's actually registered at doi.org and resolves, but the year in it doesn't match the doc's actual version — the registry's docId carries the canonical version year, and $meta.originalValue preserves the prior (matching) DOI form. UPSTREAM ACTION NEEDED: SMPTE should re-register the DOI with the correct year to match the docId, so the canonical form also resolves. Field locked via excludeChanges so future cross-fills can't undo the alignment between the registry's stored DOI and what currently resolves at doi.org."
SMPTE.RP86.1990,Video Record Parameters for 1-in Type C Helical-Scan Television Tape Recording,1990-06-05,year-mismatch,10.5594/SMPTE.RP86.1991,10.5594/SMPTE.RP86.1990,https://doi.org/10.5594/SMPTE.RP86.1991,https://doi.org/10.5594/SMPTE.RP86.1990,"Year-mismatch DOI registration: the DOI in this field is what's actually registered at doi.org and resolves, but the year in it doesn't match the doc's actual version — the registry's docId carries the canonical version year, and $meta.originalValue preserves the prior (matching) DOI form. UPSTREAM ACTION NEEDED: SMPTE should re-register the DOI with the correct year to match the docId, so the canonical form also resolves. Field locked via excludeChanges so future cross-fills can't undo the alignment between the registry's stored DOI and what currently resolves at doi.org."
SMPTE.ST2019-1.2016Am1.2022,VC-3 Picture Compression and Data Stream Format,2022-09-28,year-mismatch,10.5594/SMPTE.ST2019-1.2016Amd1.2023,10.5594/SMPTE.ST2019-1.2016Am1.2022,https://doi.org/10.5594/SMPTE.ST2019-1.2016Amd1.2023,https://doi.org/10.5594/SMPTE.ST2019-1.2016Am1.2022,"Year-mismatch DOI registration: the DOI in this field is what's actually registered at doi.org and resolves, but the year in it doesn't match the doc's actual version — the registry's docId carries the canonical version year, and $meta.originalValue preserves the prior (matching) DOI form. UPSTREAM ACTION NEEDED: SMPTE should re-register the DOI with the correct year to match the docId, so the canonical form also resolves. Field locked via excludeChanges so future cross-fills can't undo the alignment between the registry's stored DOI and what currently resolves at doi.org."
SMPTE.ST2022-7.2018,Seamless Protection Switching of RTP Datagrams,2018-12-26,year-mismatch,10.5594/SMPTE.ST2022-7.2019,10.5594/SMPTE.ST2022-7.2018,https://doi.org/10.5594/SMPTE.ST2022-7.2019,https://doi.org/10.5594/SMPTE.ST2022-7.2018,"Year-mismatch DOI registration: the DOI in this field is what's actually registered at doi.org and resolves, but the year in it doesn't match the doc's actual version — the registry's docId carries the canonical version year, and $meta.originalValue preserves the prior (matching) DOI form. UPSTREAM ACTION NEEDED: SMPTE should re-register the DOI with the correct year to match the docId, so the canonical form also resolves. Field locked via excludeChanges so future cross-fills can't undo the alignment between the registry's stored DOI and what currently resolves at doi.org."
SMPTE.ST2038.2020,Carriage of Ancillary Data Packets in an MPEG-2 Transport Stream,2020-12-02,year-mismatch,10.5594/SMPTE.ST2038.2021,10.5594/SMPTE.ST2038.2020,https://doi.org/10.5594/SMPTE.ST2038.2021,https://doi.org/10.5594/SMPTE.ST2038.2020,"Year-mismatch DOI registration: the DOI in this field is what's actually registered at doi.org and resolves, but the year in it doesn't match the doc's actual version — the registry's docId carries the canonical version year, and $meta.originalValue preserves the prior (matching) DOI form. UPSTREAM ACTION NEEDED: SMPTE should re-register the DOI with the correct year to match the docId, so the canonical form also resolves. Field locked via excludeChanges so future cross-fills can't undo the alignment between the registry's stored DOI and what currently resolves at doi.org."
SMPTE.ST2059-2.2020,SMPTE Profile for Use of IEEE-1588 Precision Time Protocol in Professional Broadcast Applications,2020-12-09,year-mismatch,10.5594/SMPTE.ST2059-2.2021,10.5594/SMPTE.ST2059-2.2020,https://doi.org/10.5594/SMPTE.ST2059-2.2021,https://doi.org/10.5594/SMPTE.ST2059-2.2020,"Year-mismatch DOI registration: the DOI in this field is what's actually registered at doi.org and resolves, but the year in it doesn't match the doc's actual version — the registry's docId carries the canonical version year, and $meta.originalValue preserves the prior (matching) DOI form. UPSTREAM ACTION NEEDED: SMPTE should re-register the DOI with the correct year to match the docId, so the canonical form also resolves. Field locked via excludeChanges so future cross-fills can't undo the alignment between the registry's stored DOI and what currently resolves at doi.org."
SMPTE.ST2067-202.2022,Isochronous Stream of XML Documents (ISXD) Plug-in,2022-11-24,year-mismatch,10.5594/SMPTE.ST2067-202.2023,10.5594/SMPTE.ST2067-202.2022,https://doi.org/10.5594/SMPTE.ST2067-202.2023,https://doi.org/10.5594/SMPTE.ST2067-202.2022,"Year-mismatch DOI registration: the DOI in this field is what's actually registered at doi.org and resolves, but the year in it doesn't match the doc's actual version — the registry's docId carries the canonical version year, and $meta.originalValue preserves the prior (matching) DOI form. UPSTREAM ACTION NEEDED: SMPTE should re-register the DOI with the correct year to match the docId, so the canonical form also resolves. Field locked via excludeChanges so future cross-fills can't undo the alignment between the registry's stored DOI and what currently resolves at doi.org."
SMPTE.ST2067-60.2022,Application #6 UHDTV Program Workflow (AVC),2022-05-25,year-mismatch,10.5594/SMPTE.ST2067-60.2023,10.5594/SMPTE.ST2067-60.2022,https://doi.org/10.5594/SMPTE.ST2067-60.2023,https://doi.org/10.5594/SMPTE.ST2067-60.2022,"Year-mismatch DOI registration: the DOI in this field is what's actually registered at doi.org and resolves, but the year in it doesn't match the doc's actual version — the registry's docId carries the canonical version year, and $meta.originalValue preserves the prior (matching) DOI form. UPSTREAM ACTION NEEDED: SMPTE should re-register the DOI with the correct year to match the docId, so the canonical form also resolves. Field locked via excludeChanges so future cross-fills can't undo the alignment between the registry's stored DOI and what currently resolves at doi.org."
SMPTE.ST2117-1.2022,Part 1. Elementary Bitstream,2022-12-30,year-mismatch,10.5594/SMPTE.ST2117-1.2023,10.5594/SMPTE.ST2117-1.2022,https://doi.org/10.5594/SMPTE.ST2117-1.2023,https://doi.org/10.5594/SMPTE.ST2117-1.2022,"Year-mismatch DOI registration: the DOI in this field is what's actually registered at doi.org and resolves, but the year in it doesn't match the doc's actual version — the registry's docId carries the canonical version year, and $meta.originalValue preserves the prior (matching) DOI form. UPSTREAM ACTION NEEDED: SMPTE should re-register the DOI with the correct year to match the docId, so the canonical form also resolves. Field locked via excludeChanges so future cross-fills can't undo the alignment between the registry's stored DOI and what currently resolves at doi.org."
SMPTE.ST382.2022,Mapping AES3 and Broadcast Wave Audio into the MXF Generic Container,2022-06-08,year-mismatch,10.5594/SMPTE.ST382.2023,10.5594/SMPTE.ST382.2022,https://doi.org/10.5594/SMPTE.ST382.2023,https://doi.org/10.5594/SMPTE.ST382.2022,"Year-mismatch DOI registration: the DOI in this field is what's actually registered at doi.org and resolves, but the year in it doesn't match the doc's actual version — the registry's docId carries the canonical version year, and $meta.originalValue preserves the prior (matching) DOI form. UPSTREAM ACTION NEEDED: SMPTE should re-register the DOI with the correct year to match the docId, so the canonical form also resolves. Field locked via excludeChanges so future cross-fills can't undo the alignment between the registry's stored DOI and what currently resolves at doi.org."
SMPTE.ST385.2012Am1.2022,Mapping SDTI-CP Essence and Metadata into the MXF Generic Container,2022-08-17,year-mismatch,10.5594/SMPTE.ST385.2012Amd1.2023,10.5594/SMPTE.ST385.2012Am1.2022,https://doi.org/10.5594/SMPTE.ST385.2012Amd1.2023,https://doi.org/10.5594/SMPTE.ST385.2012Am1.2022,"Year-mismatch DOI registration: the DOI in this field is what's actually registered at doi.org and resolves, but the year in it doesn't match the doc's actual version — the registry's docId carries the canonical version year, and $meta.originalValue preserves the prior (matching) DOI form. UPSTREAM ACTION NEEDED: SMPTE should re-register the DOI with the correct year to match the docId, so the canonical form also resolves. Field locked via excludeChanges so future cross-fills can't undo the alignment between the registry's stored DOI and what currently resolves at doi.org."
SMPTE.ST429-20.2022,MXF Constraints,2022-12-07,year-mismatch,10.5594/SMPTE.ST429-20.2023,10.5594/SMPTE.ST429-20.2022,https://doi.org/10.5594/SMPTE.ST429-20.2023,https://doi.org/10.5594/SMPTE.ST429-20.2022,"Year-mismatch DOI registration: the DOI in this field is what's actually registered at doi.org and resolves, but the year in it doesn't match the doc's actual version — the registry's docId carries the canonical version year, and $meta.originalValue preserves the prior (matching) DOI form. UPSTREAM ACTION NEEDED: SMPTE should re-register the DOI with the correct year to match the docId, so the canonical form also resolves. Field locked via excludeChanges so future cross-fills can't undo the alignment between the registry's stored DOI and what currently resolves at doi.org."
SMPTE.ST429-6.2006Am1.2017,MXF Track File Essence Encryption,2017-12-27,year-mismatch,10.5594/SMPTE.ST429-6.2006Am1.2018,10.5594/SMPTE.ST429-6.2006Am1.2017,https://doi.org/10.5594/SMPTE.ST429-6.2006Am1.2018,https://doi.org/10.5594/SMPTE.ST429-6.2006Am1.2017,"Year-mismatch DOI registration: the DOI in this field is what's actually registered at doi.org and resolves, but the year in it doesn't match the doc's actual version — the registry's docId carries the canonical version year, and $meta.originalValue preserves the prior (matching) DOI form. UPSTREAM ACTION NEEDED: SMPTE should re-register the DOI with the correct year to match the docId, so the canonical form also resolves. Field locked via excludeChanges so future cross-fills can't undo the alignment between the registry's stored DOI and what currently resolves at doi.org."
SMPTE.ST430-14.2021,Digital Sync Signal and Aux Data Transfer Protocol,2021-12-28,year-mismatch,10.5594/SMPTE.ST430-14.2022,10.5594/SMPTE.ST430-14.2021,https://doi.org/10.5594/SMPTE.ST430-14.2022,https://doi.org/10.5594/SMPTE.ST430-14.2021,"Year-mismatch DOI registration: the DOI in this field is what's actually registered at doi.org and resolves, but the year in it doesn't match the doc's actual version — the registry's docId carries the canonical version year, and $meta.originalValue preserves the prior (matching) DOI form. UPSTREAM ACTION NEEDED: SMPTE should re-register the DOI with the correct year to match the docId, so the canonical form also resolves. Field locked via excludeChanges so future cross-fills can't undo the alignment between the registry's stored DOI and what currently resolves at doi.org."
SMPTE.ST430-17.2021,SMS-OMB Communications Protocol Specification,2021-10-21,year-mismatch,10.5594/SMPTE.ST430-17.2022,10.5594/SMPTE.ST430-17.2021,https://doi.org/10.5594/SMPTE.ST430-17.2022,https://doi.org/10.5594/SMPTE.ST430-17.2021,"Year-mismatch DOI registration: the DOI in this field is what's actually registered at doi.org and resolves, but the year in it doesn't match the doc's actual version — the registry's docId carries the canonical version year, and $meta.originalValue preserves the prior (matching) DOI form. UPSTREAM ACTION NEEDED: SMPTE should re-register the DOI with the correct year to match the docId, so the canonical form also resolves. Field locked via excludeChanges so future cross-fills can't undo the alignment between the registry's stored DOI and what currently resolves at doi.org."
SMPTE.ST435-2.2008,Basic Stream Data Mapping,2008-03-04,year-mismatch,10.5594/SMPTE.ST435-2.2009,10.5594/SMPTE.ST435-2.2008,https://doi.org/10.5594/SMPTE.ST435-2.2009,https://doi.org/10.5594/SMPTE.ST435-2.2008,"Year-mismatch DOI registration: the DOI in this field is what's actually registered at doi.org and resolves, but the year in it doesn't match the doc's actual version — the registry's docId carries the canonical version year, and $meta.originalValue preserves the prior (matching) DOI form. UPSTREAM ACTION NEEDED: SMPTE should re-register the DOI with the correct year to match the docId, so the canonical form also resolves. Field locked via excludeChanges so future cross-fills can't undo the alignment between the registry's stored DOI and what currently resolves at doi.org."
SMPTE.ST55.2010,Leaders and Cue Marks,2010-09-23,year-mismatch,10.5594/SMPTE.ST55.2011,10.5594/SMPTE.ST55.2010,https://doi.org/10.5594/SMPTE.ST55.2011,https://doi.org/10.5594/SMPTE.ST55.2010,"Year-mismatch DOI registration: the DOI in this field is what's actually registered at doi.org and resolves, but the year in it doesn't match the doc's actual version — the registry's docId carries the canonical version year, and $meta.originalValue preserves the prior (matching) DOI form. UPSTREAM ACTION NEEDED: SMPTE should re-register the DOI with the correct year to match the docId, so the canonical form also resolves. Field locked via excludeChanges so future cross-fills can't undo the alignment between the registry's stored DOI and what currently resolves at doi.org."
